Workbook

Sheet Dashboard Summary
A1: AMIGA ROBOT ADMIN
A7: AMIGA Robot Admin merupakan sistem cerdas pemrosesan invoice vendor (PDF digital maks. 5 halaman) menjadi voucher pembayaran resmi terverifikasi secara instan. Mengintegrasikan formulir intake terisolasi multi-tenant, antrean background worker BullMQ, ekstraksi asinkron AWS Bedrock Titan Express, verifikasi 3 aturan bisnis (Missing Evidence, Possible Duplicate, Calculation Discrepancy), layar peninjauan split-screen dual-context 50:50, penegakan Segregation of Duties (SoD) mutlak di sisi server, kompilasi voucher PDF resmi (@react-pdf/renderer), serta pencatatan jejak audit permanen yang tidak dapat diubah (immutable audit ledger).
A12: TITLE | E12: Total Defects | J12: Defect Status
A13: Dokumen Eksekusi Pengujian Sistem & UAT - AMIGA Robot Admin | E13: =C43
J16: New
A17: PROJECT NAME | E17: Total Tests
A18: AMIGA Robot Admin (MAIN Hackathon 2026 PoC) | E18: =G43 | J18: Open
J20: Fixed
A22: Passing Rate | E22: =IFERROR(G45/G43, 0) | J22: Pending Retest
J24: Retest
A25: Report Prepared By | C25: Report Date | E25: Start Date | G25: End Date
A26: Tech Lead & QA Engineering Team | C26: 46309 | E26: 46309 | G26: 46311 | J26: Reopen
J28: Closed
A31: TEST OBJECTIVES - Description of the testing goals | G31: Environment | J31: Defect Severity
A32: Memastikan seluruh fitur inti AMIGA Robot Admin berfungsi dengan integritas finansial tinggi dan bebas cacat: 1) Intake & validasi format berkas PDF digital (maks. 5 halaman, 10MB) serta penerbitan Request ID berstatus QUEUED; 2) Ekstraksi teks in-context AI AWS Bedrock Titan Express ke struktur data voucher; 3) Mesin verifikasi otomatis 3 aturan sistem (Missing Evidence, Possible Duplicate, Calculation Discrepancy); 4) Dashboard antrean kerja multi-klien dan pemantauan batas beban reviewer (>10); 5) Layar peninjauan split-screen 50:50 dengan kontrol PDF canvas dan editor finansial kalkulasi real-time; 6) Penegakan Segregation of Duties (SoD) di server dan auto-reassignment ke least-loaded active reviewer; 7) Kompilasi dan unduh voucher PDF resmi (SLA <= 3s) dengan teks otorisasi permanen; 8) Batas isolasi ketat multi-tenant dan keabadian jejak audit (immutable audit trail). | G32: Dev / Local Environment: • Frontend: http://localhost:3000 (Next.js 16 LTS, React 19, Tailwind v4) • Backend: http://localhost:4000 (Fastify, Prisma ORM, PostgreSQL 16) • Message Broker: Redis 7.2 (BullMQ Worker) • AI Engine: AWS Bedrock Titan Text Express (ap-southeast-1) + Deterministic Mock
J35: Minor
J37: Major
A38: Dashboard Data
J39: Critical
A41: DEFECT SUMMARY | E41: TEST EXECUTION SUMMARY
A43: Total No. of Defects | C43: =SUM(C45:C57) | E43: Total No. of Tests | G43: =SUM(G45:G52)
A45: New | C45: =COUNTIF('Defect Tracking Data'!M9:M500,"New") | E45: Passed | G45: =COUNTIF('System Testing - Execution Data'!Q9:R500,"Passed") + COUNTIF('End-to-End Testing - Execution '!Q9:R500, "Passed")
A47: Open | C47: =COUNTIF('Defect Tracking Data'!M9:M500,"Open") | E47: Failed | G47: =COUNTIF('System Testing - Execution Data'!Q9:R500,"Failed") + COUNTIF('End-to-End Testing - Execution '!Q9:R500, "Failed")
A49: Fixed | C49: =COUNTIF('Defect Tracking Data'!M9:M500,"Fixed") | E49: Blocked | G49: =COUNTIF('System Testing - Execution Data'!Q9:R500,"Blocked") + COUNTIF('End-to-End Testing - Execution '!Q9:R500, "Blocked")
J50: Defect Contribution
A51: Pending Retest | C51: =COUNTIF('Defect Tracking Data'!M9:M500,"Pending Retest") | E51: Not Executed | G51: =COUNTIF('System Testing - Execution Data'!Q9:R500,"Not Executed") + COUNTIF('End-to-End Testing - Execution '!Q9:R500, "Not Executed")
J52: Feature | L52: Total Defect | M52: Overall Defect
A53: Retest | C53: =COUNTIF('Defect Tracking Data'!M9:M500,"Retest")
J54: Authentication & RBAC | L54: =COUNTIF('Defect Tracking Data'!E9:E500, J54) | M54: =SUM(L54:L63)
A55: Reopen | C55: =COUNTIF('Defect Tracking Data'!M9:M500,"Reopen") | J55: Intake & Upload Modul | L55: =COUNTIF('Defect Tracking Data'!E9:E500, J55)
J56: AI Document Extraction | L56: =COUNTIF('Defect Tracking Data'!E9:E500, J56)
A57: Closed | C57: =COUNTIF('Defect Tracking Data'!M9:M500,"Closed") | J57: Verification Engine | L57: =COUNTIF('Defect Tracking Data'!E9:E500, J57)
J58: Dashboard Antrean | L58: =COUNTIF('Defect Tracking Data'!E9:E500, J58)
A59: Minor | C59: =COUNTIF('Defect Tracking Data'!O9:O500,"Minor") | J59: Split-Screen Review | L59: =COUNTIF('Defect Tracking Data'!E9:E500, J59)
J60: Segregation of Duties | L60: =COUNTIF('Defect Tracking Data'!E9:E500, J60)
A61: Major | C61: =COUNTIF('Defect Tracking Data'!O9:O500,"Major") | J61: Voucher Generator | L61: =COUNTIF('Defect Tracking Data'!E9:E500, J61)
J62: Document Correction | L62: =COUNTIF('Defect Tracking Data'!E9:E500, J62)
A63: Critical | C63: =COUNTIF('Defect Tracking Data'!O9:O500,"Critical") | J63: Multi-Tenant & Audit | L63: =COUNTIF('Defect Tracking Data'!E9:E500, J63)

Sheet System Testing - Execution Data
A1: System Testing - Execution Data
A4: Feature
A7: Main Feature | C7: Sub-Feature | E7: Test ID | F7: Date Tested | G7: Scenario Name/Test Case | I7: Description | K7: Precondition | M7: Test Steps | O7: Expected Result | Q7: Execution Status | S7: Actual Result | U7: Priority | W7: Test Data | Y7: Screenshot/Link Source | AA7: Tested By | AC7: Remarks/Comments
A9: Authentication & RBAC | C9: Login PIC Klien | E9: TS-001 | F9: 46309 | G9: Login akun PIC Klien dan verifikasi akses modul intake | I9: Memastikan pengguna PIC Klien berhasil login dan hanya mengakses dashboard antrean, form upload, dan voucher kliennya. | K9: Akun PIC Klien telah terdaftar di database (seeder) | M9: 1. Buka http://localhost:3000 2. Masukkan email pic_client@amiga.co.id & password 3. Klik tombol Masuk 4. Amati navigasi navbar dan akses menu | O9: Login berhasil, token JWT terbit, diarahkan ke Dashboard antrean dengan tombol Unggah Invoice aktif. | Q9: Not Executed | S9: Siap dieksekusi | U9: High | W9: Email: pic_client@amiga.co.id Password: password123! | Y9: - | AA9: QA Engineer | AC9: Memenuhi PR-004, PF-001
A10: Authentication & RBAC | C10: Login Finance Reviewer | E10: TS-002 | F10: 46309 | G10: Login akun Finance Reviewer dan verifikasi akses review | I10: Memastikan Finance Reviewer dapat login dan mengakses antrean dokumen serta aksi Review pada layar split-screen. | K10: Akun Reviewer telah terdaftar di database | M10: 1. Buka halaman login 2. Masukkan email reviewer1@amiga.co.id & password 3. Klik Masuk 4. Verifikasi tombol Review pada baris dokumen READY_FOR_REVIEW | O10: Reviewer berhasil login, tombol Tindak Lanjut / Review aktif pada tabel antrean. | Q10: Not Executed | S10: Siap dieksekusi | U10: High | W10: Email: reviewer1@amiga.co.id Password: password123! | Y10: - | AA10: QA Engineer | AC10: Memenuhi PR-004, PR-015
A11: Authentication & RBAC | C11: Login Service Lead | E11: TS-003 | F11: 46309 | G11: Login Service Lead dan verifikasi widget monitoring beban | I11: Memastikan Service Lead dapat melihat antrean lintas reviewer dan bar beban reviewer. | K11: Akun Service Lead telah terdaftar di database | M11: 1. Login dengan akun service_lead@amiga.co.id 2. Masuk ke halaman Queue 3. Amati Reviewer Workload Bar | O11: Seluruh antrean reviewer tampil lengkap dengan metrik beban aktif per reviewer. | Q11: Not Executed | S11: Siap dieksekusi | U11: High | W11: Email: service_lead@amiga.co.id Password: password123! | Y11: - | AA11: QA Engineer | AC11: Memenuhi PR-023, SR-014
A12: Authentication & RBAC | C12: Invalid Credentials | E12: TS-004 | F12: 46309 | G12: Login dengan password atau email salah | I12: Memastikan sistem menolak kredensial salah dengan respon error RFC 7807 401 Unauthorized. | K12: Halaman login terbuka | M12: 1. Masukkan email reviewer1@amiga.co.id 2. Masukkan password salah: passwordsalah999 3. Klik Masuk | O12: Sistem menampilkan notifikasi peringatan kredensial salah dan token JWT tidak diterbitkan. | Q12: Not Executed | S12: Siap dieksekusi | U12: High | W12: Password: passwordsalah999 | Y12: - | AA12: QA Engineer | AC12: Memenuhi SR-012
A13: Authentication & RBAC | C13: RBAC Route Guard | E13: TS-005 | F13: 46309 | G13: Akses URL terproteksi reviewer oleh akun PIC Klien | I13: Memastikan akses langsung ke halaman /review/:id oleh akun PIC Klien ditolak sistem. | K13: Login sebagai PIC Klien | M13: 1. Buka URL langsung http://localhost:3000/review/REQ-TEST-001 2. Amati perilaku browser | O13: Sistem menolak akses dan me-redirect ke Dashboard atau menampilkan status 403 Forbidden. | Q13: Not Executed | S13: Siap dieksekusi | U13: High | W13: URL: /review/[id] | Y13: - | AA13: QA Engineer | AC13: Memenuhi SR-002, SR-003
A14: Authentication & RBAC | C14: System Admin Restriction | E14: TS-006 | F14: 46309 | G14: Verifikasi larangan persetujuan transaksi oleh System Admin | I14: Memastikan peran System Admin dilarang menyetujui transaksi keuangan di tingkat server. | K14: Login sebagai sysadmin@amiga.co.id | M14: 1. Coba panggil endpoint POST /api/v1/invoices/:id/approve dengan bearer token sysadmin | O14: Server menolak request dengan status HTTP 403 Forbidden (Non-negotiable SoD rule). | Q14: Not Executed | S14: Siap dieksekusi | U14: Critical | W14: Email: sysadmin@amiga.co.id | Y14: - | AA14: QA Engineer | AC14: Memenuhi BR-014, PR-024
A15: Intake & Upload Modul | C15: Valid PDF Upload | E15: TS-007 | F15: 46309 | G15: Unggah berkas PDF digital valid (1-5 halaman, <= 10MB) | I15: Memastikan berkas PDF valid berhasil diunggah dan sistem menerbitkan Request ID unik berstatus QUEUED. | K15: Login sebagai PIC Klien atau Intake Support | M15: 1. Buka menu Unggah Invoice (/upload) 2. Pilih Klien: CLI-MAIN 3. Pilih Saluran: EMAIL 4. Drag & drop berkas PDF digital valid 5. Klik Unggah Dokumen | O15: Muncul modal sukses memuat Request ID unik (REQ-YYYYMMDD-XXXXX) dan status QUEUED dalam tempo <= 500ms. | Q15: Not Executed | S15: Siap dieksekusi | U15: High | W15: File: invoice_sample_valid.pdf (1 halaman, 120KB) | Y15: - | AA15: QA Engineer | AC15: Memenuhi PR-001, PR-003, SR-008
A16: Intake & Upload Modul | C16: Magic Bytes Non-PDF Rejection | E16: TS-008 | F16: 46309 | G16: Penolakan berkas non-PDF atau ekstensi palsu (.exe diubah .pdf) | I16: Memastikan server memvalidasi magic bytes header (%PDF-1.) dan menolak berkas manipulasi. | K16: Halaman formulir unggah terbuka | M16: 1. Ambil berkas teks / binary (.exe) lalu ubah namanya menjadi invoice.pdf 2. Unggah berkas tersebut pada formulir 3. Klik submit | O16: Server menolak berkas dengan pesan INVALID_FILE_TYPE dan berkas tidak disimpan ke storage. | Q16: Not Executed | S16: Siap dieksekusi | U16: Critical | W16: File: fake_invoice.pdf (binary non-PDF) | Y16: - | AA16: QA Engineer | AC16: Memenuhi T-005, SR-008
A17: Intake & Upload Modul | C17: Page Limit Exceeded (>5 Halaman) | E17: TS-009 | F17: 46309 | G17: Penolakan berkas PDF melebihi batas 5 halaman | I17: Memastikan berkas PDF dengan 6 halaman atau lebih ditolak secara otomatis. | K17: Berkas PDF 6 halaman tersedia | M17: 1. Unggah berkas PDF 6 halaman 2. Submit formulir intake | O17: Sistem menolak dengan kode error PAGE_LIMIT_EXCEEDED dan meminta PIC mengunggah invoice ringkas. | Q17: Not Executed | S17: Siap dieksekusi | U17: High | W17: File: invoice_6_pages.pdf | Y17: - | AA17: QA Engineer | AC17: Memenuhi PR-001, PR-005
A18: Intake & Upload Modul | C18: File Size Limit (>10MB) | E18: TS-010 | F18: 46309 | G18: Penolakan berkas PDF melebihi ukuran 10MB | I18: Memastikan sistem client dan server membatasi ukuran berkas maksimal 10MB. | K18: Berkas PDF berukuran 12MB tersedia | M18: 1. Pilih berkas PDF 12MB pada drag-and-drop area | O18: Validasi client menampilkan peringatan ukuran maksimal 10MB dan tombol unggah dinonaktifkan. | Q18: Not Executed | S18: Siap dieksekusi | U18: Medium | W18: File size: 12.4 MB | Y18: - | AA18: QA Engineer | AC18: Memenuhi PR-001
A19: Intake & Upload Modul | C19: Metadata Completeness Validation | E19: TS-011 | F19: 46309 | G19: Validasi kelengkapan metadata formulir intake | I19: Memastikan formulir mewajibkan pengisian Klien, Saluran, dan Tanggal Pengajuan. | K19: Formulir unggah terbuka | M19: 1. Kosongkan pilihan klien atau saluran pengajuan 2. Klik tombol submit | O19: Muncul pesan validasi wajib isi pada field yang belum dilengkapi. | Q19: Not Executed | S19: Siap dieksekusi | U19: Medium | W19: Client ID: Kosong | Y19: - | AA19: QA Engineer | AC19: Memenuhi PR-002
A20: Intake & Upload Modul | C20: Intake Support Delegation Guard | E20: TS-0012 | F20: 46309 | G20: Delegasi pengunggahan oleh Intake Support pada klien yang ditugaskan | I20: Memastikan Intake Support hanya dapat mengunggah untuk klien yang ada dalam daftar tugas resminya. | K20: Login sebagai intake_support@amiga.co.id | M20: 1. Buka dropdown Klien pada formulir unggah 2. Periksa daftar klien yang dapat dipilih | O20: Hanya organisasi klien yang ditugaskan (assigned clients) yang muncul pada opsi pilihan. | Q20: Not Executed | S20: Siap dieksekusi | U20: High | W20: Akun: intake_support@amiga.co.id | Y20: - | AA20: QA Engineer | AC20: Memenuhi PR-004, BR-006
... A44: Voucher Generator | C44: Legal Authorization Text & Download | E44: TS-036 | F44: 46309 | G44: Verifikasi teks batas otorisasi legal dan mutasi status ke SENT_TO_CLIENT saat unduh | I44: Memastikan voucher memuat klausul batas legalitas dan pengunduhan oleh PIC mengubah status ke SENT_TO_CLIENT. | K44: Dokumen berstatus AMIGA_REVIEWED | M44: 1. Login sebagai PIC Klien 2. Buka layar pratinjau voucher (/voucher/:id) 3. Verifikasi teks batas otorisasi legal tertera verbatim 4. Klik Unduh Voucher PDF | O44: Browser mengunduh berkas PDF voucher dan status dokumen di database otomatis bermutasi menjadi SENT_TO_CLIENT. | Q44: Not Executed | S44: Siap dieksekusi | U44: Critical | W44: Final Status: SENT_TO_CLIENT | Y44: - | AA44: QA Engineer | AC44: Memenuhi BR-012, PR-021, PR-022, UAT-1

Sheet End-to-End Testing - Execution 
A1: End-to-End Testing - Execution Data
A4: Feature
A7: Main Feature | C7: Sub-Feature | E7: Test ID | F7: Date Tested | G7: Scenario Name/Test Scenario | I7: Description | K7: Precondition | M7: Test Steps | O7: Expected Result | Q7: Execution Status | S7: Actual Result | U7: Priority | W7: Test Data | Y7: Screenshot/Link Source | AA7: Tested By | AC7: Remarks/Comments
A9: End-to-End Flow | C9: UAT-1: Happy Path Lifecycle | E9: E2E-001 | F9: 46309 | G9: Alur Normal Lengkap: Unggah PDF -> AI Ekstrak -> Verifikasi Lolos -> Reviewer Setujui -> Unduh Voucher (SENT_TO_CLIENT) | I9: Memastikan seluruh siklus 6 status dokumen berjalan mulus dari pengunggahan invoice hingga penerbitan dan pengunduhan voucher resmi. | K9: PIC Klien dan Finance Reviewer aktif, sistem lokal beroperasi penuh | M9: 1. PIC Klien login dan mengunggah invoice digital valid (1 hal, Rp 1.500.000, rekening lengkap BCA). 2. Sistem menerbitkan Request ID unik dan menetapkan status awal QUEUED. 3. BullMQ worker mengambil dokumen dan AI mengekstrak data -> status PROCESSING. 4. Sistem menjalankan 3 verifikasi dan menyatakan dokumen bersih -> status READY_FOR_REVIEW. 5. Finance Reviewer login, membuka layar split-screen 50:50, memeriksa data, lalu mengklik Setujui. 6. Sistem menerbitkan voucher resmi format VCH/YYYYMM/CLI/XXXXX -> status AMIGA_REVIEWED. 7. PIC Klien mengunduh voucher PDF resmi -> status dokumen bermutasi menjadi SENT_TO_CLIENT. | O9: Seluruh status (QUEUED -> PROCESSING -> READY_FOR_REVIEW -> AMIGA_REVIEWED -> SENT_TO_CLIENT) tercapai tanpa kendala finansial. | Q9: Not Executed | S9: Siap dieksekusi | U9: Critical | W9: File: invoice_clean_sample.pdf Client: CLI-MAIN | Y9: - | AA9: QA Engineer | AC9: Memenuhi UAT-1, BR-001, BR-012
A10: End-to-End Flow | C10: UAT-2: Multi-line Items Extraction | E10: E2E-002 | F10: 46309 | G10: Invoice dengan Multi-line Items (>= 3 Baris) Terbaca Lengkap dan Kalkulasi Total Presisi | I10: Memastikan dokumen invoice kompleks dengan banyak jenis barang terbaca 100% tanpa baris terlewat dan subtotal terhitung akurat. | K10: Dokumen invoice dengan 3 item barang berbeda | M10: 1. Unggah invoice memuat 3 baris item (Item A: 2x 100rb, Item B: 1x 500rb, Item C: 5x 60rb; Subtotal 1jt, PPN 11% 110rb, Total 1.110.000). 2. Amati proses ekstraksi AI dan verifikasi matematika sistem. 3. Reviewer membuka layar split-screen dan mencocokkan baris item pada PDF dengan tabel editor finansial. | O10: Ketiga item terekstraksi presisi, grand total Rp 1.110.000 terverifikasi, status READY_FOR_REVIEW. | Q10: Not Executed | S10: Siap dieksekusi | U10: High | W10: Total 3 items, Grand Total: Rp 1.110.000 | Y10: - | AA10: QA Engineer | AC10: Memenuhi UAT-2, BR-004
A11: End-to-End Flow | C11: UAT-3: Missing Evidence Exception | E11: E2E-003 | F11: 46309 | G11: Penanganan Invoice Tanpa Rekening Bank (Deteksi MISSING_EVIDENCE & Status EXCEPTION) | I11: Memastikan sistem mendeteksi ketiadaan rekening transfer, membatalkan review normal, dan menandai dokumen sebagai EXCEPTION. | K11: Berkas invoice sengaja tidak mencantumkan nomor rekening bank | M11: 1. PIC Klien mengunggah invoice tanpa nomor rekening transfer. 2. AI mengekstrak data teks PDF dan mendapati rekening kosong. 3. Verifikasi sistem mengevaluasi ketiadaan rekening. 4. Periksa dashboard PIC Klien dan Finance Reviewer. | O11: Dokumen masuk status EXCEPTION dengan kode MISSING_EVIDENCE dan tombol koreksi aktif pada sisi PIC Klien. | Q11: Not Executed | S11: Siap dieksekusi | U11: Critical | W11: Rekening: Kosong | Y11: - | AA11: QA Engineer | AC11: Memenuhi UAT-3, BR-008
A12: End-to-End Flow | C12: UAT-4: Duplicate Detection Exception | E12: E2E-004 | F12: 46309 | G12: Pencegahan Pembayaran Ganda (Deteksi POSSIBLE_DUPLICATE & Status EXCEPTION) | I12: Memastikan sistem mendeteksi upaya pengajuan invoice ganda berdasarkan normalisasi nomor invoice dan nama vendor pada klien yang sama. | K12: Invoice INV-DUPLICATE-001 dari Vendor PT Global telah disetujui sebelumnya | M12: 1. Unggah invoice baru dengan nomor "INV-DUPLICATE-001" dan vendor "PT Global" untuk klien CLI-MAIN. 2. Tunggu proses ekstraksi dan verifikasi sistem selesai. 3. Amati status dokumen dan rincian issue pada dashboard. | O12: Sistem mendeteksi kecocokan string ternormalisasi, menandai POSSIBLE_DUPLICATE, dan menetapkan status EXCEPTION. | Q12: Not Executed | S12: Siap dieksekusi | U12: Critical | W12: Duplicate Invoice: INV-DUPLICATE-001 | Y12: - | AA12: QA Engineer | AC12: Memenuhi UAT-4, BR-008, SR-013
A13: End-to-End Flow | C13: UAT-5: Segregation of Duties (SoD) | E13: E2E-005 | F13: 46309 | G13: Penegakan SoD Mutlak & Auto-Reassignment ke Reviewer dengan Beban Terendah | I13: Memastikan jika Reviewer A mengunggah invoice lalu mencoba menyetujui, sistem menolak persetujuan dan mengalihkan penugasan ke Reviewer B. | K13: Reviewer 1 dan Reviewer 2 terdaftar aktif; Reviewer 2 memiliki beban antrean lebih rendah | M13: 1. Reviewer 1 mengunggah dokumen invoice. 2. Setelah dokumen berstatus READY_FOR_REVIEW, Reviewer 1 membuka URL review dan menekan Setujui. 3. Server Fastify mengeksekusi validasi SoD di dalam database transaction atomik serializable. 4. Amati respon sistem, status dokumen, dan penugasan baru. | O13: Persetujuan ditolak (SOD_VIOLATION 403), dokumen otomatis dialihkan ke Reviewer 2, status tetap READY_FOR_REVIEW, audit log mencatat event. | Q13: Not Executed | S13: Siap dieksekusi | U13: Critical | W13: Uploader: reviewer1@amiga.co.id Target Reassign: reviewer2@amiga.co.id | Y13: - | AA13: QA Engineer | AC13: Memenuhi UAT-5, BR-002, SR-004
A14: End-to-End Flow | C14: UAT-6: Multi-Tenant Data Isolation | E14: E2E-006 | F14: 46309 | G14: Isolasi Ketat Multi-Klien (Penolakan Akses Lintas Tenant / IDOR) | I14: Memastikan pengguna Klien A dilarang membuka atau memanipulasi dokumen Klien B baik melalui UI maupun panggilan REST API langsung. | K14: Dokumen REQ-CLI2-001 dimiliki oleh Klien CLI-002 | M14: 1. Login sebagai PIC Klien CLI-MAIN (Klien 1). 2. Coba akses endpoint GET /api/v1/invoices/REQ-CLI2-001 milik Klien CLI-002. 3. Coba akses voucher download dokumen tersebut. | O14: Sistem menolak dengan respon RFC 7807 403 Forbidden atau 404 Not Found, data Klien B tidak bocor. | Q14: Not Executed | S14: Siap dieksekusi | U14: Critical | W14: Cross-client target: REQ-CLI2-001 | Y14: - | AA14: QA Engineer | AC14: Memenuhi UAT-6, BR-014, SR-003
A15: End-to-End Flow | C15: UAT-7: Financial Edit & Audit Trail Diff | E15: E2E-007 | F15: 46309 | G15: Penelusuran Audit Immutability: Koreksi Nilai Finansial Tercatat pada Diff Viewer | I15: Memastikan modifikasi data finansial oleh Reviewer dicatat secara permanen di audit_logs beserta nilai lama, nilai baru, aktor, dan timestamp. | K15: Dokumen berstatus READY_FOR_REVIEW dibuka di layar split-screen | M15: 1. Finance Reviewer mengoreksi harga satuan item dari Rp 50.000 menjadi Rp 55.000. 2. Sistem menyimpan perubahan dengan penanda is_manually_edited: true. 3. Buka halaman audit trail dokumen (/audit/:id). 4. Amati visualisasi diff panel perbandingan nilai lama (merah) vs nilai baru (hijau). | O15: Diff viewer menampilkan detail perubahan secara kronologis, PII rekening tersensor, dan catatan audit bersifat append-only. | Q15: Not Executed | S15: Siap dieksekusi | U15: High | W15: Old: 50.000, New: 55.000 | Y15: - | AA15: QA Engineer | AC15: Memenuhi UAT-7, BR-015, PR-025
A16: End-to-End Flow | C16: UAT-8: Exception Correction Cycle | E16: E2E-008 | F16: 46309 | G16: Perbaikan Dokumen EXCEPTION oleh PIC Klien dengan Mempertahankan Request ID yang Sama | I16: Memastikan dokumen bermasalah diperbaiki tanpa membuat Request ID baru, diproses ulang, dan berhasil diterbitkan vouchernya. | K16: Dokumen berstatus EXCEPTION dengan Request ID REQ-20261014-00088 | M16: 1. PIC Klien login dan membuka dokumen berstatus EXCEPTION. 2. Buka modal perbaikan dan lengkapi bukti nomor rekening serta nama bank. 3. Kirim perbaikan (PUT /api/v1/invoices/:id/correct). 4. Verifikasi Request ID pada status PROCESSING dan verifikasi ulang. 5. Finance Reviewer menyetujui dokumen yang telah bersih. | O16: Request ID TETAP REQ-20261014-00088, dokumen bertransisi ke READY_FOR_REVIEW lalu AMIGA_REVIEWED. | Q16: Not Executed | S16: Siap dieksekusi | U16: Critical | W16: Request ID identik terverifikasi | Y16: - | AA16: QA Engineer | AC16: Memenuhi UAT-8, BR-009, PR-009
A17: End-to-End Flow | C17: Service Lead Workload Rebalance | E17: E2E-009 | F17: 46309 | G17: Alur Monitoring & Penyeimbangan Beban Antrean oleh Service Lead | I17: Memastikan Service Lead dapat mendeteksi penumpukan beban reviewer (>10) dan memindahkan antrean dokumen secara manual. | K17: Reviewer 1 memiliki beban antrean tinggi | M17: 1. Service Lead login dan memeriksa bar beban kerja reviewer. 2. Memilih dokumen yang menumpuk di antrean Reviewer 1. 3. Mengeksekusi aksi Alihkan Penugasan ke Reviewer 2. 4. Reviewer 2 login dan memverifikasi dokumen tersebut masuk ke antrean kerjanya. | O17: Beban kerja reviewer terdistribusi seimbang, log penugasan tersimpan, dan reviewer 2 dapat memproses dokumen. | Q17: Not Executed | S17: Siap dieksekusi | U17: Medium | W17: Service Lead Rebalance action | Y17: - | AA17: QA Engineer | AC17: Memenuhi BR-013, PR-023
A18: End-to-End Flow | C18: Reviewer Return Document to PIC | E18: E2E-010 | F18: 46309 | G18: Alur Pengembalian Dokumen ke PIC oleh Reviewer dengan Catatan Permasalahan | I18: Memastikan reviewer dapat mengembalikan invoice yang meragukan/buram ke PIC dengan catatan wajib, dan PIC menerima notifikasi perbaikan. | K18: Dokumen berstatus READY_FOR_REVIEW | M18: 1. Finance Reviewer memeriksa dokumen di layar split-screen. 2. Menemukan cap invoice menutupi nomor rekening. 3. Mengklik Kembalikan ke PIC dan mengisi alasan pengembalian. 4. PIC Klien login dan memeriksa dokumen yang berstatus EXCEPTION. | O18: Status dokumen berubah menjadi EXCEPTION, catatan reviewer tampil di layar PIC, dan alur perbaikan siap dieksekusi. | Q18: Not Executed | S18: Siap dieksekusi | U18: High | W18: Alasan: Cap invoice menutupi nomor rekening | Y18: - | AA18: QA Engineer | AC18: Memenuhi PR-017, PR-013

Sheet Defect Tracking Data
A1: Defect Tracking Data
A4: Feature
A7: Defect ID | C7: Date Detected | E7: Main Feature | G7: Description | I7: Precondition | K7: Step-by-Step | M7: Defect Status | O7: Defect Severity | Q7: Test Data | S7: Owner / Found By | U7: Screenshot/Link Source | W7: Remarks/Comments | Y7: Defect Fixed At | AA7: Defect Fixed By
A9: DEF001 | C9: 46309 | E9: Authentication & RBAC | G9: Pesan validasi kurang ramah pengguna ketika format email salah pada login | I9: Halaman login terbuka | K9: 1. Buka halaman Login 2. Masukkan email tanpa domain (contoh: user@) 3. Klik Masuk | M9: Open | O9: Minor | Q9: Email: user@ | S9: QA Engineer | U9: - | W9: Perlu menambahkan pesan petunjuk format email standar RFC 5322.
A10: DEF002 | C10: 46309 | E10: Split-Screen Review | G10: Indikator loading canvas PDF sempat berkedip saat pertama kali berpindah halaman | I10: Layar split-screen terbuka pada invoice 3 halaman | K10: 1. Buka review invoice 2. Klik navigasi Halaman Berikutnya 3. Amati canvas render | M10: Fixed | O10: Minor | Q10: Multi-page invoice | S10: Tech Lead | U10: - | W10: Telah diperbaiki dengan debouncing render canvas PDF.js.
