Workbook

Sheet Dashboard Summary
A1: LOGO BRAND
A7: Human Resource Management (HRM) merupakan aplikasi yang dirancang untuk mendukung pengelolaan sumber daya manusia secara terintegrasi dalam suatu organisasi. Aplikasi ini terdiri dari beberapa modul utama, yaitu autentikasi pengguna, pengelolaan pegawai, administrasi cuti, absensi, rekrutmen, pengelolaan kinerja, administrasi sistem, dan pelaporan. Modul-modul tersebut saling terintegrasi untuk mendukung proses operasional kepegawaian secara lebih efisien dan terstruktur, mulai dari rekrutmen hingga evaluasi kinerja pegawai.
A12: TITLE | E12: Total Defects | J12: Defect Status
A13: Dokumen Eksekusi Pengujian Sistem (System Testing Execution) – OrangeHRM | E13: =SUM(C43) -> 14
J16: New
A17: PROJECT NAME | E17: Total Tests
A18: OrangeHRM Open Source Demo | E18: =SUM(G43) -> 39 | J18: Open
J20: Fixed
A22: Passing Rate | E22: =(G43 / G45) * 100% -> 1 | J22: Pending Retest
J24: Retest
A25: Report Prepared By | C25: Report Date | E25: Start Date | G25: End Date
A26: Adnan Erlansyah | C26: 46224 | E26: 46224 | G26: 46227 | J26: Reopen
J28: Closed
A31: TEST OBJECTIVES - Description of the testing goals | G31: Environment | J31: Defect Severity
A32: Memastikan seluruh fitur utama OrangeHRM berjalan sesuai kebutuhan bisnis, mulai dari proses autentikasi, pengelolaan data pegawai, cuti, absensi, rekrutmen, performa, hingga administrasi sistem. Pengujian bertujuan untuk mengidentifikasi defect, validasi fungsionalitas, mengevaluasi alur bisnis end-to-end, serta menemukan potensi celah, ambiguita, dan fitur yang belum terakomodasi | G32: Dev https://opensource-demo.orangehrmlive.com/
J35: Minor
J37: Major
A38: Dashboard Data
J39: Critical
A41: DEFECT SUMMARY | E41: TEST EXECUTION SUMMARY
A43: Total No. of Defects | C43: =SUM(C45:C64) -> 14 | E43: Total No. of Tests | G43: =SUM(G45:G52) -> 39
A45: New | C45: =COUNTIF('Defect Tracking Data'!M9:M999,"New") -> 2 | E45: Passed | G45: =COUNTIF('System Testing - Execution Data'!Q9:R972,"Passed") + COUNTIF('End-to-End Testing - Execution '!Q9:R986, "Passed") -> 39
A47: Open | C47: =COUNTIF('Defect Tracking Data'!M9:M999,"Open") -> 4 | E47: Failed | G47: =COUNTIF('System Testing - Execution Data'!Q9:R972,"Failed") + COUNTIF('End-to-End Testing - Execution '!Q9:R986, "Failed") -> 0
A49: Fixed | C49: =COUNTIF('Defect Tracking Data'!M9:M999,"Fixed") -> 1 | E49: Blocked | G49: =COUNTIF('System Testing - Execution Data'!Q9:R972,"Blocked") + COUNTIF('End-to-End Testing - Execution '!Q9:R986, "Blocked") -> 0
J50: Defect Contribution
A51: Pending Retest | C51: =COUNTIF('Defect Tracking Data'!M15:M1005,"Pending Retest") -> 0 | E51: Not Executed | G51: =COUNTIF('System Testing - Execution Data'!Q9:R972,"Not Executed") + COUNTIF('End-to-End Testing - Execution '!Q9:R986, "Not Executed") -> 0
J52: Feature | L52: Total Defect | M52: Overall Defect
A53: Retest | C53: =COUNTIF('Defect Tracking Data'!M15:M1005,"Retest") -> 0
J54: =IFERROR(__xludf.DUMMYFUNCTION("UNIQUE(FILTER('Defect Tracking Data'!E9:E99, 'Defect Tracking Data'!E9:E99 <> """"))"),"Authentication") -> Authentication | L54: {=IF(J54:J1000="", "", COUNTIF('Defect Tracking Data'!E9:E99, J54:J1000))} -> 1 | M54: =SUM(L54:L60) -> 7
A55: Reopen | C55: =COUNTIF('Defect Tracking Data'!M15:M1005,"Reopen") -> 0 | J55: =IFERROR(__xludf.DUMMYFUNCTION("""COMPUTED_VALUE"""),"Dashboard") -> Dashboard | L55: 1
J56: =IFERROR(__xludf.DUMMYFUNCTION("""COMPUTED_VALUE"""),"PIM") -> PIM | L56: 1
A57: Closed | C57: =COUNTIF('Defect Tracking Data'!M16:M1007,"Closed") -> 0 | J57: =IFERROR(__xludf.DUMMYFUNCTION("""COMPUTED_VALUE"""),"Leave") -> Leave | L57: 1
J58: =IFERROR(__xludf.DUMMYFUNCTION("""COMPUTED_VALUE"""),"Time") -> Time | L58: 1
A59: Minor | C59: =COUNTIF('Defect Tracking Data'!O9:O999,"Minor") -> 2 | J59: =IFERROR(__xludf.DUMMYFUNCTION("""COMPUTED_VALUE"""),"Recruitment") -> Recruitment | L59: 1
J60: =IFERROR(__xludf.DUMMYFUNCTION("""COMPUTED_VALUE"""),"Admin") -> Admin | L60: 1
A61: Major | C61: =COUNTIF('Defect Tracking Data'!O9:O999,"Major") -> 3
A63: Critical | C63: =COUNTIF('Defect Tracking Data'!O9:O999,"Critical") -> 2

Sheet System Testing - Execution Data
A1: System Testing - Execution Data
A4: Feature
A7: Main Feature | C7: Sub-Feature | E7: Test ID | F7: Date Tested | G7: Scenario Name/Test Case | I7: Description | K7: Precondition | M7: Test Steps | O7: Expected Result | Q7: Execution Status | S7: Actual Result | U7: Priority | W7: Test Data | Y7: Screenshot/Link Source | AA7: Tested By | AC7: Remarks/Comments
A9: Login | C9: Login Valid | E9: TS-001 | F9: 46224 | G9: Login menggunakan akun yang valid | I9: Memastikan pengguna dapat masuk menggunakan akun yang benar | K9: Data sudah terdaftar dan sudah mengakkses halaman login | M9: - akses laman login - input valid username - input valid password - klik tombol login | O9: Dashboard berhasil ditampilkan | Q9: Passed | S9: Sistem berhasil masuk ke Dashboard | U9: High | W9: Username : Admin Password : admin123 | Y9: https://jam.dev/c/5b78b348-0787-4c95-9949-3a906b0f08e7 | AA9: Adnan Erlansyah
A10: Login | C10: Login Invalid | E10: TS-002 | F10: 46224 | G10: Login dengan password salah | I10: Memastikan sistem menolak password yang salah | K10: Data sudah terdaftar dan sudah mengakkses halaman login | M10: - akses laman login - input valid username - input Invalid password - klik tombol login | O10: pesan "invalid Credentials" muncul | Q10: Passed | S10: Pesan tampil sesuai harapan | U10: High | W10: Username : Admin Password : salah123 | Y10: https://jam.dev/c/0d19c8e8-9410-46eb-8576-b38b5b3006e7 | AA10: Adnan Erlansyah
A11: Login | C11: Empty Field | E11: TS-003 | F11: 46224 | G11: Login tanpa mengisi data | I11: Memastikan field wajib divalidasi | K11: - | M11: - akses laman login - kosongkan username - kosongkan password - klik tombol login | O11: validasi required muncul | Q11: Passed | S11: validasi berhasil muncul | U11: High | W11: Username : Password: | Y11: https://jam.dev/c/500dde84-b270-45b9-860a-b1c3d282fd2a | AA11: Adnan Erlansyah
A12: Dashboard | C12: Dashboard Summary | E12: TS-004 | F12: 46224 | G12: Membuka Dashboard | I12: Memastikan seluruh widget tampil | K12: Telah berhasil login | M12: - Akses halaman login - Masuk Dashboard | O12: Semua widget tampil tanpa eror | Q12: Passed | S12: Widget tampil normal | U12: High | W12: - | Y12: https://jam.dev/c/5af2fedd-5910-4d67-a8ef-36981366c3f6 | AA12: Adnan Erlansyah
A13: Dashboard | C13: Quick Launch | E13: TS-005 | F13: 46224 | G13: Mengakses menu Quick Launch | I13: Memastikan shortcut berfungsi | K13: Telah berhasil login | M13: - Akses halaman login - Masuk Dashboard - klik salah satu shortcut | O13: Menu tujuan berhasil dibuka | Q13: Passed | S13: Berhasil membuka halaman | U13: Medium | W13: leave | Y13: https://jam.dev/c/6e85b0b1-0882-4797-97a7-03eb6736ca8b | AA13: Adnan Erlansyah
A14: Admin | C14: User Management | E14: TS-006 | F14: 46224 | G14: Menambahkan user baru | I14: Memastikan user dapat dibuat | K14: Telah berhasil login | M14: - Telah berhasil login - Klik menu admin - Klik Add - Pilih user role - Pilih Employee Name - Pilih status - Input username -input password - Input confirm password - Input data - Klik tombol simpan - User berhasil ditambahkan | O14: User berhasil disimpan | Q14: Passed | S14: User berhasil dibuat | U14: High | W14: Employee name : Ranga Akunuri Status : Enable Username : Admin 2 Password : admin1234 | Y14: https://jam.dev/c/610029ce-e1bb-40c0-ae0e-800947f8054b | AA14: Adnan Erlansyah
A15: Admin | C15: Duplicate User | E15: TS-007 | F15: 46224 | G15: Menambahkan username yang sama | I15: Memastikan username unik | K15: Telah berhasil login | M15: - Telah berhasil login - Klik menu admin - Klik Add - Input username duplicate | O15: Sistem menolak penyimpanan | Q15: Passed | S15: Pesan validasi muncul | U15: High | W15: Username : Admin 2 Password : admin1234 | Y15: https://jam.dev/c/5ca0ca88-809e-4faf-a14a-729479be891c | AA15: Adnan Erlansyah
A16: Admin | C16: Search User | E16: TS-008 | F16: 46224 | G16: Pencarian user | I16: Memastikan fitur pencarian berjalan | K16: Data tersedia | M16: - Telah berhasil login - Klik menu admin -Input username -Input user role - Input employee name - input status - Cari data yang ingin dicari | O16: Data yang sesuai tampil | Q16: Passed | S16: Data ditemukan | U16: Medium | W16: Employee name : Ranga Akunuri Status : Enable Username : Admin 2 Password : admin1234 | Y16: https://jam.dev/c/6e42baa1-d5b0-47e1-9985-1422c6548018 | AA16: Adnan Erlansyah
A17: PIM | C17: Add Empolye | E17: TS-009 | F17: 46224 | G17: Menambah pegawai | I17: Memastikan pegawai baru dapat ditambahkan | K17: Telah berhasil login | M17: - Telah berhasil login - Klik menu PIM - Klik tab add employee - Input first name - Input Last name - Klik save | O17: Data berhasil tersimpan | Q17: Passed | S17: Data berhasil disimpan | U17: High | W17: First name : Rani Last Name : Septiani | Y17: https://jam.dev/c/27417517-98fb-4449-9001-1ab857adeda9 | AA17: Adnan Erlansyah
A18: PIM | C18: Required Field | E18: TS-010 | F18: 46224 | G18: Simpan tanpa nama | I18: Memastikan field wajib divalidasi | K18: Telah berhasil login | M18: - Telah berhasil login - Klik menu PIM - Klik tab add employee - Input first name - Input Last name - Klik save | O18: Pesan required muncul | Q18: Passed | S18: Validasi data tampil | U18: High | W18: - | Y18: https://jam.dev/c/81b44e0b-446e-4ff6-9603-5e92a1825a4e | AA18: Adnan Erlansyah
A19: PIM | C19: Edit Employee | E19: TS-011 | F19: 46224 | G19: Mengubah data pegawai | I19: Memastikan perubahan data tersimpan | K19: Data tersedia | M19: - Telah berhasil login - Klik menu PIM - Klik edit pada data yang akan diubah - Ubah username - Klik save | O19: Data berhasil diubah | Q19: Passed | S19: Data berhasil di perbaharui | U19: High | W19: Update username | Y19: https://jam.dev/c/5df69bb5-2daf-479c-928c-ef6616c66b4d | AA19: Adnan Erlansyah
A20: Leave | C20: Apply Leave | E20: TS-012 | F20: 46224 | G20: Mengajukan cuti | I20: Memastikan pengajuan cuti berhasil | K20: Telah berhasil login | M20: - Telah berhasil login - Klik menu leave - Klik tab entitlements - Klik add entitlements - Pilih jenis cuti beberapa karyawan atau perorangan - Input employee name - Pilih leave type - Pilih leave periode -Input jumlah hari cuti | O20: Status Submitted | Q20: Passed | S20: Berhasil submit | U20: High | W20: Annual Leave | Y20: https://jam.dev/c/3465251d-c12b-4a89-899b-118cbe338983 | AA20: Adnan Erlansyah
... A29: Maintenance | C29: Verify Password | E29: TS-021 | F29: 46224 | G29: Verifikasi password | I29: Memastikan autentikasi ulang berhasil | K29: Telah berhasil login | M29: - telah berhasil login - klik menu maintenance - isi password -klik confirm | O29: Halaman terbuka | Q29: Passed | S29: Halaman berhasil terbuka | U29: Medium | W29: password : admin123 | Y29: https://jam.dev/c/36e5ced9-ecef-41b0-ad5a-e6f1634901e9 | AA29: Adnan Erlansyah
A30: Logout | C30: Logout | E30: TS-022 | F30: 46224 | G30: Logout Sistem | I30: Memastikan sesi berakhir | K30: Telah berhasil login | M30: - telah berhasil login - klik logi profile - klik login | O30: Kembali ke halaman login | Q30: Passed | S30: Berhasil logout | U30: High | Y30: https://jam.dev/c/170f983c-35f5-471b-ac26-40273896aa33 | AA30: Adnan Erlansyah

Sheet End-to-End Testing - Execution 
A1: End-to-End Testing - Execution Data
A4: Feature
A7: Main Feature | C7: Sub-Feature | E7: Test ID | F7: Date Tested | G7: Scenario Name/Test Scenario | I7: Description | K7: Precondition | M7: Test Steps | O7: Expected Result | Q7: Execution Status | S7: Actual Result | U7: Priority | W7: Test Data | Y7: Screenshot/Link Source | AA7: Tested By | AC7: Remarks/Comments
A9: Authentication | C9: Login | E9: E2E-001 | F9: 46224 | G9: Login berhasil dan pengguna diarahkan ke Dashboard | I9: Memastikan pengguna dapat masuk ke sistem dan mengakses dashboard | K9: Pengguna memiliki akun yang valid | M9: 1. Buka halaman login 2. Masukkan username dan password 3. klik login | O9: Pengguna berhasil login dan Dashboard ditampilkan | Q9: Passed | S9: Dahboard berhasil ditampilkan | U9: High | W9: username : Admin password : admin123 | Y9: https://jam.dev/c/799ff439-2b6b-4507-8d21-f13baf31f68f | AA9: Adnan Erlansyah
A10: Dashboard | C10: Dashboard Summary | E10: E2E-002 | F10: 46224 | G10: Menampilkan informasi Dashboard setelah login | I10: Memastikan seluruh informasi ringkasan pada Dashboard ditampilkan setelah pengguna berhasil login | K10: Pengguna telah login | M10: 1. Login 2. Amati seluruh widget Dashboard | O10: Semua widget dan ringkasan data ditampilkan dengan benar | Q10: Passed | S10: Semua widget tampil | U10: High | W10: - | Y10: https://jam.dev/c/24fd3b9e-efdb-41ba-b994-5270ecd3f119 | AA10: Adnan Erlansyah
A11: PIM | C11: Add Employee | E11: E2E-003 | F11: 46224 | G11: Admin menambahkan pegawai baru dan memverifikasi data pada Directory | I11: Memastikan data pegawai tersimpan dan dapat ditemukan pada modul Directory | K11: Login sebagai admin | M11: 1. Login 2. Buka PIM 3. Tambahkan pegawai 4. Simpan 5. Buka Directory dan cari pegawai | O11: Pegawai berhasil ditambahkan dan muncul pada Directory | Q11: Passed | S11: Data pegawai ditemukan | U11: High | W11: username : Ahmad Wijaya | Y11: https://jam.dev/c/b96e69fc-41f3-4fb7-8a49-d96b4a7efad0 | AA11: Adnan Erlansyah
A12: Admin | C12: User Management | E12: E2E-004 | F12: 46224 | G12: Admin membuat akun pengguna baru dan login menggunakan akun tersebut | I12: Memastikn akun yang dibuat dapat digunakan untuk login | K12: Login sebagai admin | M12: 1. Tambah akun pengguna 2. Logout 3. Login menggunakan akun baru | O12: Akun berhasil dibuat dan dapat digunakan untuk login | Q12: Passed | S12: Login berhasil | U12: High | W12: username : user1 password : user123 | Y12: https://jam.dev/c/ee9137e3-8325-4073-b9ac-449f4c99eace | AA12: Adnan Erlansyah
A13: Leave | C13: Apply Leave | E13: E2E-005 | F13: 46224 | G13: Pegawai mengajukan cuti dan memverifikasi status pengajuan | I13: Memastikan proses pengajuan cuti hingga status pengjuan berjalan dengan baik | K13: Pegawai telah login | M13: 1. login 2. Buka leave 3. Ajukan cuti 4. Lihat My Leave | O13: Status cuti menjadi submitted | Q13: Passed | S13: Status submited tampil | U13: High | W13: Annual leave | Y13: https://jam.dev/c/e25c709b-def4-4c25-bcec-565961f58af4 | AA13: Adnan Erlansyah
A14: Time | C14: Attendance | E14: E2E-006 | F14: 46224 | G14: Pegawai melakukan Punch In dan Punch Out | I14: Memastikan data absensi tersimpan dengan benar | K14: Pengguna telah login | M14: 1. Punch In 2. Punch Out 3. Lihat riwayat absensi | O14: Data absensi tersimpan pada sistem | Q14: Passed | S14: Data sesuai | U14: High | W14: 08.00-17.00 | Y14: https://jam.dev/c/1d412088-0e2e-4038-8664-b3fd0fb9efbf | AA14: Adnan Erlansyah
A15: Recruitment | C15: Candidate Management | E15: E2E-007 | F15: 46224 | G15: Menambahkan kandidat baru kemudian mencari data kandidat | I15: Memastikan data kandidat tersimpan dan dapat dicari kembali | K15: Login sebagai admin | M15: 1. Tambah kandidat 2, Unggah CV 3. Simpan 4. Cari kandidaat | O15: Kandidat berhasil disimpan dan ditemukan pada daftar kandidat | Q15: Passed | S15: Kandidat ditemukan | U15: High | W15: - | Y15: https://jam.dev/c/8300a399-eed2-48bf-a71d-89124fd509f2 | AA15: Adnan Erlansyah
A16: Performance | C16: Performance Review | E16: E2E-008 | F16: 46224 | G16: Membuat penilaian kinerja pegawai dan memverifikasi hasilnya | I16: Memastikan proses penilaian kinerja berjalan dengan baik | K16: Pegawai tesedia | M16: 1. Buka performance 2. Tambahkan penilaian 3. Simpan | O16: Penilaian berhasil disimpan | Q16: Passed | S16: Penilaian tersimpan | U16: Medium | W16: - | Y16: https://jam.dev/c/3296fa39-c244-4129-ad5f-6b47e851f256 | AA16: Adnan Erlansyah
A17: Directory | C17: Employee Directory | E17: E2E-009 | F17: 46224 | G17: Mencari pegawai yang telah ditambahkan pada PIM | I17: Memastikan sinkronisasi data antara PIM dan Directory | K17: Pegawai telah dibuat | M17: 1. Buka Directory 2. Cari nama pegawai | O17: Pegawai ditemukan | Q17: Passed | S17: Data sesuai | U17: Medium | W17: Santoso mohan das | Y17: https://jam.dev/c/c2528fc3-8db5-441a-8e38-218a17656440 | AA17: Adnan Erlansyah
A18: Buzz | C18: Buzz Post | E18: E2E-010 | F18: 46224 | G18: Membuat postingan pada Buzz dan memverifikasi tampilannya | I18: Memastikan postingan berhasil dipublikasikan | K18: login berhasi | M18: 1. Buka Buzz 2. Buat postingan 3. Simpan | O18: Postinan tampil pada halaman BUzz | Q18: Passed | S18: Postingan berhasil tampil | U18: Low | W18: "hai" | Y18: https://jam.dev/c/ee5fd218-0613-4ad0-bd38-2da7b511bf2e | AA18: Adnan Erlansyah
A19: Maintenance | C19: Verify Password | E19: E2E-011 | F19: 46224 | G19: Verifikasi password sebelum mengakses menu Maintenance | I19: Memastikan autentikasi ulang berfungsi dengan baik | K19: login sebagai admin | M19: 1. Buka Maintenance 2. Masukkan password 3. Klik verify | O19: Halaman Maintenance dapat diakses | Q19: Passed | S19: Berhasil diverifikasi | U19: Medium | W19: password : admin123 | Y19: https://jam.dev/c/04a7a5cd-dfa0-4930-860d-ff29fa6dc25a | AA19: Adnan Erlansyah
A20: Admin | C20: Delete User | E20: E2E-012 | F20: 46224 | G20: Menghapus akun pengguna dan memastikan akun tidak dapat digunakan kembali | I20: Memastikan penghapusan akun diterapkan pada proses login | K20: akun pengguna tersedia | M20: 1. Hapus akun 2. Logout 3. Login menggunakan akun yang dihapus | O20: Login ditolak karena akun telah dihapus | S20: Login gagal | U20: High | W20: User QA | AA20: Adnan Erlansyah
A21: PIM | C21: Edit Employee | E21: E2E-013 | F21: 46224 | G21: Mengubah data pegawai dan memverifikasi perubahan pada Directory | I21: Memastikan perubahan data tersinkronisasi | K21: pegawai tersedia | M21: 1. Edit data pegawai 2. Simpan 3.Buka Directory | O21: Data terbaru diampilkan | Q21: Passed | S21: Data diperbaharui | U21: High | W21: Pegawai : Ahsen 2 | Y21: https://jam.dev/c/201eed6b-dc85-448e-9bfb-916f8eb09e25 | AA21: Adnan Erlansyah
A22: recruitment | C22: Candidate Status | E22: E2E-014 | F22: 46224 | G22: Memperbaharui status kandidat rekrutmen | I22: Memastikan peubahan status kandidat berhasil disimpan | K22: kandidat tersedia | M22: Ubah status kandidat kemudian simpan | O22: Status kandidat berubah sesuai pembaruan | Q22: Passed | S22: Status berhasil diperbaharui | U22: Medium | W22: Kandidat : Budi Santoso | Y22: https://jam.dev/c/ef9ffe59-56dc-4555-a50b-e84b2c5c0cb5 | AA22: Adnan Erlansyah
A23: Leave | C23: Leave History | E23: E2E-015 | F23: 46224 | G23: Memverifikasi riwayat cuti setelah pengajuan | I23: Memastikan riwayat cuti diperbaharui setelah pengajuan berhasil | K23: Pengajuan cuti telah dilakukan | M23: Buka menu My Leave | O23: Riwayat cuti menampilkan data terbaru | Q23: Passed | S23: Riwayat sesuai | U23: Medium | W23: Annual leave | Y23: https://jam.dev/c/8348ff7e-9de5-439b-914d-5f733ffde00b | AA23: Adnan Erlansyah
A24: Time | C24: Attendance Record | E24: E2E-016 | F24: 46224 | G24: Memverifikasi riwayat absensi setelah Punch Out | I24: Memastikan riwayat absesnsi diperbaharui secara otomatis | K24: Punch Out telah dilakukan | M24: Buka menu attendance record | O24: Riwayat absensi menampilkan waktu masuk dan keluar | Q24: Passed | S24: Data sesuai | U24: Medium | W24: 08.00-17.00 | Y24: https://jam.dev/c/e8e9ac49-fc9d-4c8f-b03a-51be1bfa71e7 | AA24: Adnan Erlansyah
A25: Dashboard | C25: Quick Launch | E25: E2E-017 | F25: 46224 | G25: Mengakses modul melalui Quick Launch Dasboard | I25: Memastikan setiap menu Quick Launch mengarahkan ke halaman yang benar | K25: Login berhasil | M25: klik salah satu menu Quick Launch | O25: Halaman tujuan terbuka sesuai menu yang dipilih | Q25: Passed | S25: Navigasi berhasil | U25: Low | W25: Leave | Y25: https://jam.dev/c/e74930c9-6a0c-4599-9264-6acc987a8279 | AA25: Adnan Erlansyah
A26: Logout | C26: Session Management | E26: E2E-018 | F26: 46224 | G26: Logout setelah seluruh proses bisnis selesai | I26: Memastikan sesi pengguna berakhir dengan benar | K26: Pengguna sedang login | M26: Klik logout | O26: Sistem kembali ke halaman login dan sesi berakhir | Q26: Passed | S26: Logout berhasil | U26: High | W26: - | Y26: https://jam.dev/c/824fc2e5-9514-480d-904f-33d9f260fd87 | AA26: Adnan Erlansyah

Sheet Defect Tracking Data
A1: Defect Tracking Data
A4: Feature
A7: Defect ID | C7: Date Detected | E7: Main Feature | G7: Description | I7: Precondition | K7: Step-by-Step | M7: Defect Status | O7: Defect Severity | Q7: Test Data | S7: Owner / Found By | U7: Screenshot/Link Source | W7: Remarks/Comments | Y7: Defect Fixed At | AA7: Defect Fixed By
A9: DEF001 | C9: 21/072026 | E9: Authentication | G9: Pesan validasi kurang jelas ketika username dan password kosong | I9: Halaman login terbuka | K9: 1. Buka halaman Login 2. Kosongkan username dan password 3. Klik login | M9: Open | O9: Minor | Q9: Username : Kosong Password : Kosong | S9: Adnan Erlansyah | U9: https://jam.dev/c/7e9dac58-9fd0-4493-9f32-86128121e56e | W9: Perlu meningkatkan kejelasan pesan validasi
A10: DEF002 | C10: 21/072026 | E10: Dashboard | G10: Widget Dashboard memerlukanwaktu lebih lama untuk dimuat setelah login | I10: Login berhasil | K10: 1. Login ke sistem 2. Amati Dashbord | M10: Fixed | O10: Major | Q10: Username : Admin Password : admin123 | S10: Adnan Erlansyah | U10: https://jam.dev/c/3e013063-0867-417a-a19c-586c647dac22 | W10: waktu muat lebih dari 5 detik
A11: DEF003 | C11: 21/072026 | E11: PIM | G11: Kolom nomor telepon masih menerima karakter alfabet | I11: Login sebagai Admin | K11: 1. Buka PIM 2. Edit data pegawai 3. Masukkan huruf pada kolom nomor telepon 4. simpan | M11: New | O11: Major | Q11: No. Telepon = ABC123 | S11: Adnan Erlansyah | W11: Validasi input belum membatasi karakter numerik
A12: DEF004 | C12: 21/072026 | E12: Leave | G12: sistem masih menerima tanggal akhir cuti yang lebih awal daripada tanggal mulai | I12: login sebagai pegawai | K12: 1. Buka Leave 2, Isi tanggal mulai lebih besar daripada tanggal selesai 3. Submit | M12: Open | O12: Critical | Q12: Start: 20/08/2026 End: 18/08/2026 | S12: Adnan Erlansyah | W12: Validasi rentang tanggal belum berjalan
A13: DEF005 | C13: 21/072026 | E13: Time | G13: Tombol Punch Out masih aktif meskipun pengguna belum melakukan Punch In | I13: Login berhasil | K13: 1. Login 2. Buka Time 3. Klik Punch Out | M13: Open | O13: Major | Q13: - | S13: Adnan Erlansyah | W13: Seharusnya Punch Out hanya tersedia setelah Punch In
A14: DEF006 | C14: 21/072026 | E14: Recruitment | G14: Sistem menerima file CV dengan format yang tidak didukung | I14: Login sebagai Admin | K14: 1. Tambahkan kandidat. 2. Upload file .exe. 3. Simpan. | M14: New | O14: Critical | Q14: resume.exe | S14: Adnan Erlansyah | W14: validasi tipe file belum diterapkan
A15: DEF007 | C15: 21/072026 | E15: Admin | G15: Username dengan spasi di awal dan akhir tetap da[pat disimpan | I15: Login sebagai Admin | K15: 1. Tambahkan User. 2. Isi Username " admin ". 3. Simpan. | M15: Open | O15: Minor | Q15: " admin " | S15: Adnan Erlansyah | U15: https://jam.dev/c/5ec5f315-fc0c-4aad-b453-cd0aec1392aa | W15: Sistem sebaiknya menghapus spasi secara otomastis (trim)
